J01_2018.06.25 14_06_48.jpg,0.97830588
J01_2018.06.25 10_03_31.jpg,0.88170189
J01_2018.06.22 15_51_43.jpg,0.87390894
J01_2018.06.27 15_21_12.jpg,0.88026422
J01_2018.06.19 14_37_59.jpg,0.54915166
J01_2018.06.26 13_47_34.jpg,0.91211730
J01_2018.06.26 14_15_19.jpg,0.15756640
J01_2018.06.28 14_32_31.jpg,0.13433757
J01_2018.06.16 09_05_22.jpg,0.77448279
J01_2018.06.25 08_45_04.jpg,0.78169215
J01_2018.06.17 15_52_06.jpg,0.09985521
J01_2018.06.25 14_27_41.jpg,0.97528470
J01_2018.06.19 14_30_12.jpg,0.81158531
J01_2018.06.17 13_09_58.jpg,0.39915892
J01_2018.06.13 14_17_26.jpg,0.15451811
J01_2018.06.16 09_44_38.jpg,0.75359511
J01_2018.06.23 14_02_00.jpg,0.99285948
J01_2018.06.22 15_29_31.jpg,0.99824905
J01_2018.06.19 14_32_31.jpg,0.98733169
J01_2018.06.23 09_20_11.jpg,0.25988120
J01_2018.06.26 15_52_54.jpg,0.42826471
J01_2018.06.27 09_49_33.jpg,0.75041592
J01_2018.06.28 15_10_24.jpg,0.01640556
J01_2018.06.25 10_35_34.jpg,0.17598516
J01_2018.06.27 10_01_31.jpg,0.98721862
J01_2018.06.16 09_27_21.jpg,0.68165249
J01_2018.06.17 14_36_15.jpg,0.13739146
J01_2018.06.19 10_37_14.jpg,0.95449728
J01_2018.06.23 09_56_18.jpg,0.61821091
J01_2018.06.26 09_13_22.jpg,0.68014669
J01_2018.06.16 08_46_30.jpg,0.53219819
J01_2018.06.28 15_42_34.jpg,0.00000148
J01_2018.06.28 13_22_33.jpg,0.17506324
J01_2018.06.25 13_37_56.jpg,0.97621560
J01_2018.06.17 10_25_50.jpg,0.25863490
J01_2018.06.13 14_05_34.jpg,0.47880086
J01_2018.06.28 14_52_18.jpg,0.99151081
J01_2018.06.26 14_07_49.jpg,0.24175590
J01_2018.06.26 15_09_30.jpg,0.84444809
J01_2018.06.27 15_16_37.jpg,0.48009348
J01_2018.06.19 15_39_39.jpg,0.69818580
J01_2018.06.26 09_39_54.jpg,0.51447248
J01_2018.06.26 09_04_28.jpg,0.99944407
J01_2018.06.25 15_26_53.jpg,0.51346147
J01_2018.06.13 14_30_38.jpg,0.69413465
J01_2018.06.16 10_22_41.jpg,0.92349833
J01_2018.06.17 15_22_32.jpg,0.96577561
J01_2018.06.20 14_17_09.jpg,0.99131835
J01_2018.06.26 13_31_57.jpg,0.91067976
J01_2018.06.17 13_47_58.jpg,0.70639992
J01_2018.06.19 09_12_28.jpg,0.99984658
J01_2018.06.16 08_52_39.jpg,0.35307607
J01_2018.06.25 08_49_37.jpg,0.74435741
J01_2018.06.19 15_04_09.jpg,0.80062592
J01_2018.06.23 08_58_55.jpg,0.88775110
J01_2018.06.27 13_23_50.jpg,0.99920207
J01_2018.06.16 09_07_21.jpg,0.10196581
J01_2018.06.20 14_38_05.jpg,0.99837887
J01_2018.06.26 15_56_02.jpg,0.97664022
J01_2018.06.25 13_53_08.jpg,0.10051495
J01_2018.06.22 10_18_49.jpg,0.62234122
J01_2018.06.19 15_12_28.jpg,0.47079983
J01_2018.06.22 08_37_57.jpg,0.13419214
J01_2018.06.17 13_21_53.jpg,0.99923849
J01_2018.06.26 14_13_20.jpg,0.99768257
J01_2018.06.19 15_31_51.jpg,0.99999285
J01_2018.06.19 09_08_50.jpg,0.69343972
J01_2018.06.23 13_26_40.jpg,0.99711382
J01_2018.06.23 13_17_54.jpg,0.77764159
J01_2018.06.19 13_41_07.jpg,0.88503444
J01_2018.06.28 15_29_30.jpg,0.86417240
J01_2018.06.26 13_35_44.jpg,0.99783605
J01_2018.06.26 15_24_08.jpg,0.91761595
J01_2018.06.26 14_36_49.jpg,0.96079355
J01_2018.06.22 08_42_52.jpg,0.99973649
J01_2018.06.25 10_34_40.jpg,0.94123012
J01_2018.06.25 14_56_03.jpg,0.75733143
J01_2018.06.26 13_38_45.jpg,0.99649328
J01_2018.06.28 14_58_31.jpg,0.85808146
J01_2018.06.26 15_23_58.jpg,0.99043196
J01_2018.06.22 08_55_18.jpg,0.18390860
J01_2018.06.16 10_04_52.jpg,0.99713492
J01_2018.06.26 15_55_19.jpg,0.70444411
J01_2018.06.23 13_42_20.jpg,0.07269113
J01_2018.06.28 13_38_55.jpg,0.70401031
J01_2018.06.19 08_49_14.jpg,0.98831069
J01_2018.06.26 09_06_06.jpg,0.03358155
J01_2018.06.26 13_40_12.jpg,0.17319573
J01_2018.06.27 10_20_25.jpg,0.72850364
J01_2018.06.27 13_51_01.jpg,0.91228831
J01_2018.06.22 10_26_09.jpg,0.80873299
J01_2018.06.25 13_40_50.jpg,0.98563725
J01_2018.06.19 15_32_01.jpg,0.92516154
J01_2018.06.19 10_25_53.jpg,0.21506855
J01_2018.06.25 13_35_44.jpg,0.64874572
J01_2018.06.13 14_46_00.jpg,0.99453652
J01_2018.06.25 15_11_09.jpg,0.96365917
J01_2018.06.27 15_16_28.jpg,0.24362101
J01_2018.06.17 09_27_37.jpg,0.59581780
J01_2018.06.27 10_10_20.jpg,0.97192538
J01_2018.06.25 13_24_29.jpg,0.27842739
J01_2018.06.28 15_31_40.jpg,0.72768831
J01_2018.06.26 08_53_25.jpg,0.92403543
J01_2018.06.28 15_48_26.jpg,0.46686247
J01_2018.06.25 15_19_00.jpg,0.53674400
J01_2018.06.26 14_07_19.jpg,0.96061689
J01_2018.06.23 14_09_35.jpg,0.92786539
J01_2018.06.25 13_29_53.jpg,0.99976975
J01_2018.06.28 14_15_44.jpg,0.25720021
J01_2018.06.28 14_12_46.jpg,0.05356342
J01_2018.06.20 14_35_22.jpg,0.47514698
J01_2018.06.20 15_00_35.jpg,0.05787722
J01_2018.06.26 15_50_56.jpg,0.28020322
J01_2018.06.22 14_06_53.jpg,0.91808283
J01_2018.06.17 09_55_43.jpg,0.11759084
J01_2018.06.26 10_10_34.jpg,0.99599802
J01_2018.06.25 13_33_24.jpg,0.99493599
J01_2018.06.25 08_50_27.jpg,0.86121053
J01_2018.06.28 14_30_19.jpg,0.00527796
J01_2018.06.19 15_16_22.jpg,0.54368722
J01_2018.06.23 09_15_19.jpg,0.82707489
J01_2018.06.26 13_37_25.jpg,0.94559759
J01_2018.06.26 14_05_49.jpg,0.93820989
J01_2018.06.19 09_05_01.jpg,0.86732411
J01_2018.06.22 15_28_35.jpg,0.90238899
J01_2018.06.26 14_16_05.jpg,0.99864382
J01_2018.06.26 10_06_31.jpg,0.05898588
J01_2018.06.16 10_01_34.jpg,0.47848290
J01_2018.06.27 14_00_17.jpg,0.95286036
J01_2018.06.23 09_55_38.jpg,0.83468968
J01_2018.06.26 13_32_51.jpg,0.48349860
J01_2018.06.26 14_24_41.jpg,0.99613416
J01_2018.06.25 15_19_09.jpg,0.68843222
J01_2018.06.16 10_37_44.jpg,0.99915588
J01_2018.06.17 15_13_16.jpg,0.56815892
J01_2018.06.27 14_57_29.jpg,0.99156439
J01_2018.06.17 09_21_10.jpg,0.92939597
J01_2018.06.26 15_53_24.jpg,0.51139683
J01_2018.06.25 14_05_53.jpg,0.81339520
J01_2018.06.22 10_31_28.jpg,0.87467104
J01_2018.06.23 14_08_41.jpg,0.91997683
J01_2018.06.20 15_22_42.jpg,0.60441196
J01_2018.06.27 13_53_09.jpg,0.90057951
J01_2018.06.20 15_32_19.jpg,0.21908286
J01_2018.06.25 14_47_09.jpg,0.53182065
J01_2018.06.23 10_24_35.jpg,0.18013470
J01_2018.06.25 13_34_06.jpg,0.94262338
J01_2018.06.28 13_44_44.jpg,0.93169796
J01_2018.06.28 15_18_51.jpg,0.24743861
J01_2018.06.27 09_57_56.jpg,0.43304771
J01_2018.06.16 08_49_20.jpg,0.40518919
J01_2018.06.27 15_09_55.jpg,0.96125996
J01_2018.06.27 09_03_04.jpg,0.00926239
J01_2018.06.20 14_58_14.jpg,0.77326655
J01_2018.06.27 13_48_38.jpg,0.98823243
J01_2018.06.23 10_18_52.jpg,0.94844681
J01_2018.06.26 14_12_34.jpg,0.93585038
J01_2018.06.27 13_55_10.jpg,0.24552356
J01_2018.06.28 15_44_45.jpg,0.98825222
J01_2018.06.26 14_59_17.jpg,0.73621988
J01_2018.06.17 14_56_41.jpg,0.04215557
J01_2018.06.28 13_25_05.jpg,0.85065055
J01_2018.06.16 09_08_59.jpg,0.65902829
J01_2018.06.25 13_24_11.jpg,0.93393946
J01_2018.06.27 09_46_22.jpg,0.55302161
J01_2018.06.20 14_13_12.jpg,0.99810249
J01_2018.06.27 08_56_46.jpg,0.99673128
J01_2018.06.26 10_18_51.jpg,0.54543871
J01_2018.06.17 09_51_08.jpg,0.01700013
J01_2018.06.27 13_53_40.jpg,0.25565732
J01_2018.06.28 13_22_38.jpg,0.34573019
J01_2018.06.23 10_18_57.jpg,0.99919170
J01_2018.06.16 08_46_42.jpg,0.04266034
J01_2018.06.25 14_51_31.jpg,0.83111078
J01_2018.06.13 14_01_56.jpg,0.93983793
J01_2018.06.20 08_51_55.jpg,0.91339922
J01_2018.06.22 08_41_01.jpg,0.11420230
J01_2018.06.23 09_19_44.jpg,0.04785849
J01_2018.06.26 14_44_05.jpg,0.25167412
J01_2018.06.25 13_17_49.jpg,0.80993557
J01_2018.06.26 14_17_23.jpg,0.99998200
J01_2018.06.25 13_45_25.jpg,0.01813216
J01_2018.06.20 15_14_09.jpg,0.99837780
J01_2018.06.17 10_18_07.jpg,0.75424671
J01_2018.06.19 10_00_49.jpg,0.00081013
J01_2018.06.16 09_30_35.jpg,0.96394366
J01_2018.06.25 14_39_50.jpg,0.98612052
J01_2018.06.25 13_46_12.jpg,0.62242484
J01_2018.06.22 14_06_02.jpg,0.03246669
J01_2018.06.28 13_38_06.jpg,0.27277949
J01_2018.06.13 13_29_45.jpg,0.22472216
J01_2018.06.27 10_15_15.jpg,0.96387178
J01_2018.06.19 08_47_06.jpg,0.97376275
J01_2018.06.25 15_24_40.jpg,0.87502134
J01_2018.06.17 13_35_03.jpg,0.99036497
J01_2018.06.13 14_22_01.jpg,0.96846050
J01_2018.06.22 13_56_49.jpg,0.99999976
J01_2018.06.26 15_26_50.jpg,0.64796180
J01_2018.06.27 10_07_32.jpg,0.36319593
J01_2018.06.26 14_21_25.jpg,0.07356226
J01_2018.06.17 15_04_24.jpg,0.99828857
J01_2018.06.13 13_54_49.jpg,0.96504849
J01_2018.06.23 10_17_28.jpg,0.99480939
J01_2018.06.23 09_51_51.jpg,0.18995859
J01_2018.06.27 14_59_07.jpg,0.99742079
J01_2018.06.23 10_09_28.jpg,0.85563695
J01_2018.06.19 14_57_04.jpg,0.60745758
J01_2018.06.17 15_02_50.jpg,0.97964787
J01_2018.06.22 14_22_27.jpg,0.93556124
J01_2018.06.23 13_39_18.jpg,0.85442692
J01_2018.06.26 13_38_37.jpg,0.65625179
J01_2018.06.20 14_19_04.jpg,0.94612604
J01_2018.06.25 09_01_54.jpg,0.99891710
J01_2018.06.25 15_19_38.jpg,0.57365924
J01_2018.06.20 15_02_17.jpg,0.29848197
J01_2018.06.16 10_50_12.jpg,0.03741358
J01_2018.06.25 14_22_43.jpg,0.72532213
J01_2018.06.28 14_45_06.jpg,0.94016814
J01_2018.06.19 14_02_30.jpg,0.03573938
J01_2018.06.19 14_28_46.jpg,0.53617746
J01_2018.06.17 15_03_38.jpg,0.03277084
J01_2018.06.22 14_15_47.jpg,0.99872965
J01_2018.06.20 08_45_04.jpg,0.94805366
J01_2018.06.26 15_27_22.jpg,0.77589345
J01_2018.06.25 14_03_37.jpg,0.99098396
J01_2018.06.16 09_33_23.jpg,0.21396858
J01_2018.06.22 15_48_47.jpg,0.42199954
J01_2018.06.26 14_16_14.jpg,0.87863541
J01_2018.06.13 14_19_08.jpg,0.88622326
J01_2018.06.27 10_19_01.jpg,0.79603267
J01_2018.06.27 09_55_36.jpg,0.32328954
J01_2018.06.26 15_35_07.jpg,0.26106057
J01_2018.06.28 15_51_35.jpg,0.12925635
J01_2018.06.23 09_08_32.jpg,0.99736089
J01_2018.06.19 13_25_51.jpg,0.97092372
J01_2018.06.23 13_50_17.jpg,0.90370578
J01_2018.06.26 09_17_03.jpg,0.34434244
J01_2018.06.23 14_04_33.jpg,0.87075698
J01_2018.06.26 09_00_20.jpg,0.16182925
J01_2018.06.19 14_27_39.jpg,0.88708299
J01_2018.06.23 09_52_31.jpg,0.65504581
J01_2018.06.22 15_39_29.jpg,0.86090273
J01_2018.06.28 15_25_03.jpg,0.90347403
J01_2018.06.25 13_38_35.jpg,0.22955731
J01_2018.06.25 15_21_46.jpg,0.99453861
J01_2018.06.25 09_56_57.jpg,0.53991073
J01_2018.06.25 10_02_29.jpg,0.91686362
J01_2018.06.22 10_11_23.jpg,0.97019696
J01_2018.06.26 13_32_59.jpg,0.73946708
J01_2018.06.26 13_48_58.jpg,0.96392351
J01_2018.06.19 08_43_03.jpg,0.95116180
J01_2018.06.23 14_01_34.jpg,0.93182033
J01_2018.06.27 09_31_42.jpg,0.94827354
J01_2018.06.19 09_06_49.jpg,0.07687680
J01_2018.06.27 14_14_00.jpg,0.64744246
J01_2018.06.22 14_03_50.jpg,0.99057835
J01_2018.06.16 09_23_16.jpg,0.14974545
J01_2018.06.23 09_27_53.jpg,0.98183894
J01_2018.06.19 13_55_05.jpg,0.17974755
J01_2018.06.23 09_53_32.jpg,0.99786407
J01_2018.06.17 13_51_14.jpg,0.93918490
J01_2018.06.27 14_47_49.jpg,0.28147060
J01_2018.06.20 15_38_27.jpg,0.82101876
J01_2018.06.17 09_15_07.jpg,0.19443323
J01_2018.06.23 09_46_20.jpg,0.96794093
J01_2018.06.25 13_58_58.jpg,0.92428011
J01_2018.06.25 10_30_36.jpg,0.95552462
J01_2018.06.20 14_49_26.jpg,0.88508105
J01_2018.06.27 10_03_24.jpg,0.92021567
J01_2018.06.22 08_52_08.jpg,0.39601067
J01_2018.06.22 16_04_52.jpg,0.87458950
J01_2018.06.17 15_00_19.jpg,0.85037649
J01_2018.06.23 10_32_42.jpg,0.92257822
J01_2018.06.22 16_07_43.jpg,0.97177368
J01_2018.06.17 09_25_19.jpg,0.86260432
J01_2018.06.22 14_39_12.jpg,0.83415049
J01_2018.06.27 08_43_18.jpg,0.99138957
J01_2018.06.19 08_36_10.jpg,0.73145252
J01_2018.06.13 13_22_11.jpg,0.85258132
J01_2018.06.19 15_37_59.jpg,0.60470122
J01_2018.06.23 10_02_34.jpg,0.61267728
J01_2018.06.27 14_46_52.jpg,0.61660987
J01_2018.06.26 15_50_37.jpg,0.93321323
J01_2018.06.22 15_11_11.jpg,0.92363083
J01_2018.06.27 08_45_45.jpg,0.99136555
J01_2018.06.22 15_33_38.jpg,0.99268818
J01_2018.06.25 10_20_55.jpg,0.00001628
J01_2018.06.25 14_34_54.jpg,0.24843287
J01_2018.06.19 15_30_56.jpg,0.99991179
J01_2018.06.22 14_15_27.jpg,0.42724806
J01_2018.06.26 10_15_51.jpg,0.17883345
J01_2018.06.16 09_07_42.jpg,0.87947494
J01_2018.06.19 15_01_58.jpg,0.99154872
J01_2018.06.23 08_43_51.jpg,0.03888729
J01_2018.06.25 13_34_15.jpg,0.74483693
J01_2018.06.23 10_04_40.jpg,0.54613495
J01_2018.06.19 08_46_02.jpg,0.04956822
J01_2018.06.19 09_30_55.jpg,0.82360482
J01_2018.06.28 15_04_18.jpg,0.99949121
J01_2018.06.17 14_19_14.jpg,0.27911833
J01_2018.06.28 13_31_12.jpg,0.07602282
J01_2018.06.16 08_54_19.jpg,0.00595084
J01_2018.06.27 10_21_09.jpg,0.09747954
J01_2018.06.17 14_15_03.jpg,0.61158997
J01_2018.06.22 15_46_18.jpg,0.98900783
J01_2018.06.26 09_39_20.jpg,0.98369169
J01_2018.06.22 08_43_18.jpg,0.97874099
J01_2018.06.28 14_21_19.jpg,0.02966823
J01_2018.06.27 13_49_38.jpg,0.82447326
J01_2018.06.19 14_50_47.jpg,0.92195243
J01_2018.06.26 15_12_53.jpg,0.60985547
J01_2018.06.28 13_21_07.jpg,0.81452960
J01_2018.06.22 08_48_42.jpg,0.89725745
J01_2018.06.17 10_20_04.jpg,0.08157519
J01_2018.06.27 14_21_00.jpg,0.99499041
J01_2018.06.19 10_18_42.jpg,0.67214298
J01_2018.06.28 13_19_22.jpg,0.99837637
J01_2018.06.25 13_20_48.jpg,0.74786800
J01_2018.06.19 09_09_18.jpg,0.95024520
J01_2018.06.22 09_12_41.jpg,0.00944013
J01_2018.06.26 15_36_56.jpg,0.80400348
J01_2018.06.23 08_53_56.jpg,0.27596644
J01_2018.06.22 14_18_08.jpg,0.34995979
J01_2018.06.27 09_12_33.jpg,0.99587691
J01_2018.06.17 09_58_26.jpg,0.33190361
J01_2018.06.19 15_04_20.jpg,0.99314004
J01_2018.06.25 14_32_55.jpg,0.02746120
J01_2018.06.13 14_09_19.jpg,0.10556479
J01_2018.06.25 14_14_12.jpg,0.95154601
J01_2018.06.26 09_00_13.jpg,0.00524135
J01_2018.06.27 13_51_49.jpg,0.69051796
J01_2018.06.26 14_43_38.jpg,0.97968262
J01_2018.06.27 09_31_31.jpg,0.38309368
J01_2018.06.28 14_36_17.jpg,0.92067826
J01_2018.06.27 14_37_21.jpg,0.99992704
J01_2018.06.25 14_08_24.jpg,0.32952443
J01_2018.06.27 08_43_59.jpg,0.99517161
J01_2018.06.28 15_02_50.jpg,0.97070205
J01_2018.06.27 10_13_08.jpg,0.02524857
J01_2018.06.22 08_48_50.jpg,0.62346685
J01_2018.06.16 09_05_31.jpg,0.30807701
J01_2018.06.25 14_43_13.jpg,0.96704918
J01_2018.06.17 14_14_50.jpg,0.94903791
J01_2018.06.26 08_55_32.jpg,0.95208764
J01_2018.06.17 09_13_50.jpg,0.38978329
J01_2018.06.25 13_59_11.jpg,0.77372319
J01_2018.06.20 14_28_16.jpg,0.69179171
J01_2018.06.22 14_19_50.jpg,0.49494284
J01_2018.06.19 14_08_29.jpg,0.77524167
J01_2018.06.17 13_53_36.jpg,0.00003715
J01_2018.06.28 13_19_57.jpg,0.69926828
J01_2018.06.26 08_46_14.jpg,0.99709213
J01_2018.06.22 09_45_25.jpg,0.85694265
J01_2018.06.20 14_39_41.jpg,0.97760743
J01_2018.06.28 15_22_02.jpg,0.99618489
J01_2018.06.28 13_23_00.jpg,0.00145733
J01_2018.06.17 13_22_55.jpg,0.97884881
J01_2018.06.17 15_33_43.jpg,0.99737787
J01_2018.06.25 14_49_12.jpg,0.66848093
J01_2018.06.22 15_42_19.jpg,0.28150302
J01_2018.06.25 13_45_48.jpg,0.01059317
J01_2018.06.28 14_09_41.jpg,0.99873203
J01_2018.06.23 10_47_12.jpg,0.96057940
J01_2018.06.23 09_38_54.jpg,0.42360237
J01_2018.06.27 10_11_40.jpg,0.48108453
J01_2018.06.23 13_45_00.jpg,0.48324975
J01_2018.06.17 14_28_09.jpg,0.04652867
J01_2018.06.26 15_10_34.jpg,0.03987366
J01_2018.06.28 15_23_54.jpg,0.17195147
J01_2018.06.20 14_46_54.jpg,0.98627752
J01_2018.06.23 09_36_42.jpg,0.86455184
J01_2018.06.16 10_13_09.jpg,0.90169382
J01_2018.06.17 13_56_15.jpg,0.98584783
J01_2018.06.27 15_02_40.jpg,0.94201398
J01_2018.06.19 14_42_07.jpg,0.49792245
J01_2018.06.23 13_51_17.jpg,0.33078229
J01_2018.06.25 15_27_30.jpg,0.99994862
J01_2018.06.28 14_25_31.jpg,0.14374284
J01_2018.06.20 15_50_16.jpg,0.95599318
J01_2018.06.23 13_27_26.jpg,0.29598093
J01_2018.06.28 14_48_12.jpg,0.13492680
J01_2018.06.20 14_19_20.jpg,0.62176615
J01_2018.06.25 13_33_36.jpg,0.72745234
J01_2018.06.26 13_37_13.jpg,0.42710149
J01_2018.06.27 08_58_04.jpg,0.99411470
J01_2018.06.28 13_17_21.jpg,0.74611747
J01_2018.06.26 09_23_16.jpg,0.57653916
J01_2018.06.25 14_57_06.jpg,0.95222813
J01_2018.06.16 09_27_26.jpg,0.75723994
J01_2018.06.17 14_19_05.jpg,0.93614906
J01_2018.06.25 09_58_51.jpg,0.82651359
J01_2018.06.25 15_16_41.jpg,0.74946988
J01_2018.06.19 15_41_41.jpg,0.16240285
J01_2018.06.26 15_28_11.jpg,0.47458458
J01_2018.06.19 10_36_29.jpg,0.91767877
J01_2018.06.26 14_21_16.jpg,0.23471126
J01_2018.06.26 09_22_51.jpg,0.98791122
J01_2018.06.26 13_35_14.jpg,0.97824872
J01_2018.06.27 08_52_48.jpg,0.00228501
J01_2018.06.17 15_07_54.jpg,0.74317348
J01_2018.06.17 14_01_59.jpg,0.00318648
J01_2018.06.26 13_58_15.jpg,0.34151193
J01_2018.06.26 13_47_43.jpg,0.27988461
J01_2018.06.26 14_16_21.jpg,0.01231041
J01_2018.06.23 14_02_07.jpg,0.99225777
J01_2018.06.28 15_25_25.jpg,0.13969147
J01_2018.06.23 14_08_31.jpg,0.99979514
J01_2018.06.17 15_51_55.jpg,0.98053908
J01_2018.06.27 09_29_44.jpg,0.52879244
J01_2018.06.25 10_19_03.jpg,0.22495353
J01_2018.06.26 15_06_12.jpg,0.95779151
J01_2018.06.27 09_53_01.jpg,0.98912817
J01_2018.06.16 09_23_42.jpg,0.19845390
J01_2018.06.26 14_21_04.jpg,0.19457966
J01_2018.06.28 15_12_33.jpg,0.98662180
J01_2018.06.26 14_37_45.jpg,0.40270358
J01_2018.06.27 08_43_50.jpg,0.71250790
J01_2018.06.27 15_12_48.jpg,0.85227942
J01_2018.06.26 15_51_55.jpg,0.94009537
J01_2018.06.26 14_55_06.jpg,0.18795253
J01_2018.06.23 08_55_20.jpg,0.86075133
J01_2018.06.22 10_16_08.jpg,0.51783353
J01_2018.06.22 14_22_45.jpg,0.91073906
J01_2018.06.16 10_17_26.jpg,0.35478705
J01_2018.06.26 14_32_01.jpg,0.44437805
J01_2018.06.16 08_49_46.jpg,0.98542607
J01_2018.06.25 14_53_53.jpg,0.60063201
J01_2018.06.22 10_20_52.jpg,0.92385542
J01_2018.06.20 14_52_35.jpg,0.93709278
J01_2018.06.23 13_58_08.jpg,0.48061293
J01_2018.06.19 09_04_43.jpg,0.98953271
J01_2018.06.25 15_14_31.jpg,0.47758487
J01_2018.06.25 08_48_24.jpg,0.10510805
J01_2018.06.26 15_44_08.jpg,0.99998271
J01_2018.06.26 09_00_00.jpg,0.77187830
J01_2018.06.25 14_42_51.jpg,0.25429839
J01_2018.06.26 08_51_14.jpg,0.99651021
J01_2018.06.26 09_42_19.jpg,0.30455995
J01_2018.06.26 14_10_19.jpg,0.32303005
J01_2018.06.26 08_43_20.jpg,0.28153965
J01_2018.06.27 09_56_14.jpg,0.58031416
J01_2018.06.19 13_57_24.jpg,0.52088094
J01_2018.06.27 13_38_19.jpg,0.27159438
J01_2018.06.27 13_55_33.jpg,0.91811687
J01_2018.06.28 15_14_43.jpg,0.00881238
J01_2018.06.17 15_10_18.jpg,0.20935962
J01_2018.06.16 10_01_14.jpg,0.87546009
J01_2018.06.17 13_14_33.jpg,0.99814498
J01_2018.06.20 14_30_39.jpg,0.99584323
J01_2018.06.27 15_01_24.jpg,0.89274275
J01_2018.06.17 09_58_16.jpg,0.99937004
J01_2018.06.20 14_26_46.jpg,0.27976853
J01_2018.06.20 14_37_39.jpg,0.97849965
J01_2018.06.23 09_19_51.jpg,0.17944558
J01_2018.06.23 10_31_45.jpg,0.99943453
J01_2018.06.27 15_03_08.jpg,0.99867791
J01_2018.06.25 13_17_14.jpg,0.86473018
J01_2018.06.26 15_46_32.jpg,0.50820279
J01_2018.06.16 10_33_58.jpg,0.20634781
J01_2018.06.19 09_19_27.jpg,0.99378866
J01_2018.06.27 09_27_18.jpg,0.79974413
J01_2018.06.26 13_24_48.jpg,0.11672192
J01_2018.06.20 08_46_13.jpg,0.99952865
J01_2018.06.23 10_33_42.jpg,0.84966850
J01_2018.06.25 15_41_54.jpg,0.72236663
J01_2018.06.27 14_18_50.jpg,0.97813773
J01_2018.06.23 09_47_01.jpg,0.28341419
J01_2018.06.19 14_41_56.jpg,0.68118584
J01_2018.06.26 13_59_52.jpg,0.62079316
J01_2018.06.25 10_33_17.jpg,0.99706596
J01_2018.06.22 14_42_40.jpg,0.99929976
J01_2018.06.27 09_18_27.jpg,0.98954785
J01_2018.06.27 14_06_38.jpg,0.09053650
J01_2018.06.25 14_41_53.jpg,0.01030587
J01_2018.06.25 13_28_01.jpg,0.99611723
J01_2018.06.23 10_33_04.jpg,0.07330414
J01_2018.06.19 08_39_42.jpg,0.49579483
J01_2018.06.25 08_44_04.jpg,0.93970746
J01_2018.06.13 14_24_00.jpg,0.49111345
J01_2018.06.23 09_25_03.jpg,0.01616593
J01_2018.06.23 10_16_51.jpg,0.67480117
J01_2018.06.25 13_54_18.jpg,0.52902174
J01_2018.06.28 13_49_39.jpg,0.98707879
J01_2018.06.25 15_43_08.jpg,0.28774360
J01_2018.06.23 13_45_56.jpg,0.33634275
J01_2018.06.28 14_34_30.jpg,0.99304646
J01_2018.06.27 09_40_53.jpg,0.08484960
J01_2018.06.25 10_09_51.jpg,0.96940303
J01_2018.06.26 15_31_01.jpg,0.81672907
J01_2018.06.17 14_58_23.jpg,0.98010373
J01_2018.06.22 09_41_37.jpg,0.81581396
J01_2018.06.26 15_09_50.jpg,0.55044264
J01_2018.06.16 09_58_00.jpg,0.92261678
J01_2018.06.19 14_34_18.jpg,0.87286454
J01_2018.06.27 10_00_41.jpg,0.46138838
J01_2018.06.26 09_05_05.jpg,0.77362520
J01_2018.06.13 14_02_18.jpg,0.63768286
J01_2018.06.25 15_34_17.jpg,0.70053524
J01_2018.06.23 09_36_24.jpg,0.95040339
J01_2018.06.17 13_45_02.jpg,0.99899369
J01_2018.06.28 15_47_09.jpg,0.56873208
J01_2018.06.25 15_17_43.jpg,0.85880423
J01_2018.06.20 09_06_43.jpg,0.72933012
J01_2018.06.23 09_36_20.jpg,0.98244953
J01_2018.06.26 09_15_14.jpg,0.75482535
J01_2018.06.26 10_03_14.jpg,0.93775648
J01_2018.06.17 09_06_17.jpg,0.93510914
J01_2018.06.17 14_09_29.jpg,0.46601418
J01_2018.06.17 14_27_55.jpg,0.49038815
J01_2018.06.22 08_51_14.jpg,0.85231638
J01_2018.06.22 14_19_41.jpg,0.98810297
J01_2018.06.22 08_45_46.jpg,0.48709679
J01_2018.06.16 10_36_00.jpg,0.82665730
J01_2018.06.17 10_11_34.jpg,0.57135904
J01_2018.06.17 14_28_20.jpg,0.92026889
J01_2018.06.20 08_44_17.jpg,0.99675971
J01_2018.06.17 15_14_53.jpg,0.38107491
J01_2018.06.28 14_00_48.jpg,0.94769537
J01_2018.06.23 09_43_04.jpg,0.99191535
J01_2018.06.19 09_50_01.jpg,0.99658161
J01_2018.06.17 14_19_44.jpg,0.12146750
J01_2018.06.17 13_48_11.jpg,0.38048509
J01_2018.06.16 09_38_47.jpg,0.86100125
J01_2018.06.26 14_28_16.jpg,0.86881089
J01_2018.06.23 10_06_42.jpg,0.60631543
J01_2018.06.25 14_31_54.jpg,0.26537800
J01_2018.06.27 14_42_34.jpg,0.98717159
J01_2018.06.23 13_25_48.jpg,0.99897420
J01_2018.06.13 13_43_25.jpg,0.86799395
J01_2018.06.25 14_31_48.jpg,0.15850124
J01_2018.06.27 09_46_00.jpg,0.93684787
J01_2018.06.16 08_46_22.jpg,0.33324188
J01_2018.06.26 13_44_12.jpg,0.78836018
J01_2018.06.25 14_43_03.jpg,0.22397438
J01_2018.06.26 09_28_01.jpg,0.12662983
J01_2018.06.25 14_48_02.jpg,0.99987078
J01_2018.06.19 14_20_39.jpg,0.79974681
J01_2018.06.27 09_31_52.jpg,0.99933940
J01_2018.06.22 09_06_45.jpg,0.99395764
J01_2018.06.28 14_02_02.jpg,0.92691773
J01_2018.06.25 13_48_17.jpg,0.70799118
J01_2018.06.26 09_00_32.jpg,0.85876393
J01_2018.06.22 10_14_44.jpg,0.94177336
J01_2018.06.22 09_34_37.jpg,0.86334449
J01_2018.06.22 16_07_05.jpg,0.25972623
J01_2018.06.25 14_57_50.jpg,0.23026632
J01_2018.06.26 13_25_45.jpg,0.99956280
J01_2018.06.25 14_41_40.jpg,0.49762157
J01_2018.06.26 09_39_12.jpg,0.93009162
J01_2018.06.20 08_58_29.jpg,0.71682531
J01_2018.06.19 09_58_46.jpg,0.92049885
J01_2018.06.25 13_56_47.jpg,0.94271904
J01_2018.06.20 08_53_32.jpg,0.89909786
J01_2018.06.23 08_40_45.jpg,0.10363783
J01_2018.06.25 10_29_53.jpg,0.89368737
J01_2018.06.28 15_36_56.jpg,0.22637303
J01_2018.06.23 13_29_11.jpg,0.23560424
J01_2018.06.28 14_06_23.jpg,0.70917177
J01_2018.06.28 14_12_32.jpg,0.11582080
J01_2018.06.27 13_21_00.jpg,0.57103789
J01_2018.06.26 10_13_37.jpg,0.00102734
J01_2018.06.26 14_18_21.jpg,0.99748850
J01_2018.06.22 09_41_46.jpg,0.93854487
J01_2018.06.19 14_13_13.jpg,0.86767757
J01_2018.06.17 15_29_15.jpg,0.03942448
J01_2018.06.23 09_03_30.jpg,0.99992669
J01_2018.06.17 09_31_08.jpg,0.76587182
J01_2018.06.26 13_28_40.jpg,0.93855673
J01_2018.06.28 13_34_30.jpg,0.99918264
J01_2018.06.25 14_12_41.jpg,0.96114409
J01_2018.06.25 10_08_15.jpg,0.36777219
J01_2018.06.22 08_58_40.jpg,0.99905819
J01_2018.06.28 14_59_02.jpg,0.15919724
J01_2018.06.26 14_14_47.jpg,0.72773874
J01_2018.06.27 14_00_55.jpg,0.99471444
J01_2018.06.25 14_41_48.jpg,0.99576795
J01_2018.06.20 08_50_35.jpg,0.52174127
J01_2018.06.23 10_21_30.jpg,0.95843744
J01_2018.06.23 13_57_46.jpg,0.93955636
J01_2018.06.28 14_25_16.jpg,0.25374559
J01_2018.06.27 08_51_53.jpg,0.77934909
J01_2018.06.17 10_23_52.jpg,0.85990155
J01_2018.06.26 14_59_33.jpg,0.96979618
J01_2018.06.28 15_45_01.jpg,0.22368708
J01_2018.06.22 16_06_47.jpg,0.38803202
J01_2018.06.17 13_27_38.jpg,0.75191331
J01_2018.06.27 10_15_59.jpg,0.98510808
J01_2018.06.28 14_34_43.jpg,0.83152187
J01_2018.06.25 13_49_40.jpg,0.83551764
J01_2018.06.16 10_44_57.jpg,0.79242444
J01_2018.06.27 09_30_43.jpg,0.89769465
J01_2018.06.27 09_16_56.jpg,0.89046615
J01_2018.06.16 09_54_57.jpg,0.81305933
J01_2018.06.17 10_09_14.jpg,0.79721230
J01_2018.06.20 14_17_32.jpg,0.87334371
J01_2018.06.25 14_14_55.jpg,0.04873760
J01_2018.06.19 14_02_18.jpg,0.99439889
J01_2018.06.19 13_54_51.jpg,0.96541250
J01_2018.06.23 09_52_17.jpg,0.99861324
J01_2018.06.16 10_13_29.jpg,0.99857557
J01_2018.06.19 08_43_48.jpg,0.85734850
J01_2018.06.25 08_59_42.jpg,0.99396026
J01_2018.06.26 15_35_33.jpg,0.94651973
J01_2018.06.19 14_13_28.jpg,0.99811244
J01_2018.06.28 14_34_18.jpg,0.39286172
J01_2018.06.28 14_39_08.jpg,0.90206236
J01_2018.06.16 10_20_03.jpg,0.96963507
J01_2018.06.27 08_55_19.jpg,0.89180946
J01_2018.06.28 13_19_11.jpg,0.20650092
J01_2018.06.22 14_52_00.jpg,0.91345876
J01_2018.06.25 14_32_48.jpg,0.99498039
J01_2018.06.19 10_03_37.jpg,0.76916927
J01_2018.06.17 15_53_56.jpg,0.98200423
J01_2018.06.28 15_52_02.jpg,0.00421220
J01_2018.06.28 15_22_15.jpg,0.69076735
J01_2018.06.26 14_53_09.jpg,0.00005743
J01_2018.06.27 09_33_26.jpg,0.93834192
J01_2018.06.20 15_27_05.jpg,0.98330528
J01_2018.06.27 13_30_08.jpg,0.47015190
J01_2018.06.19 09_58_03.jpg,0.72849637
J01_2018.06.26 10_19_00.jpg,0.80746287
J01_2018.06.25 13_26_26.jpg,0.59585869
J01_2018.06.22 09_45_07.jpg,0.57771271
J01_2018.06.25 14_37_36.jpg,0.96228766
J01_2018.06.26 14_51_36.jpg,0.82570136
J01_2018.06.23 10_01_28.jpg,0.74635571
J01_2018.06.23 10_12_28.jpg,0.99540329
J01_2018.06.22 16_11_37.jpg,0.60116422
J01_2018.06.22 09_01_12.jpg,0.99656028
J01_2018.06.17 10_05_26.jpg,0.53441060
J01_2018.06.25 13_35_38.jpg,0.87210077
J01_2018.06.25 08_53_01.jpg,0.92873353
J01_2018.06.19 09_56_15.jpg,0.94407320
J01_2018.06.19 15_10_05.jpg,0.09543867
J01_2018.06.17 08_59_16.jpg,0.31878164
J01_2018.06.23 13_30_02.jpg,0.43103072
J01_2018.06.23 10_07_00.jpg,0.04764591
J01_2018.06.26 14_03_16.jpg,0.92771000
J01_2018.06.23 13_40_22.jpg,0.92571396
J01_2018.06.17 13_20_07.jpg,0.99983799
J01_2018.06.25 10_03_48.jpg,0.82200158
J01_2018.06.26 15_20_14.jpg,0.30665964
J01_2018.06.25 14_59_01.jpg,0.77667916
J01_2018.06.26 10_04_15.jpg,0.95131576
J01_2018.06.20 08_46_46.jpg,0.05043160
J01_2018.06.27 13_26_29.jpg,0.74717879
J01_2018.06.27 10_11_10.jpg,0.32054728
J01_2018.06.19 14_44_28.jpg,0.43616697
J01_2018.06.25 10_33_47.jpg,0.08155189
J01_2018.06.25 10_11_11.jpg,0.60037553
J01_2018.06.27 09_50_26.jpg,0.70957667
J01_2018.06.26 09_41_20.jpg,0.99984229
J01_2018.06.26 14_41_26.jpg,0.99623603
J01_2018.06.13 13_51_57.jpg,0.01540488
J01_2018.06.26 09_20_17.jpg,0.99706417
J01_2018.06.23 13_28_52.jpg,0.97132009
J01_2018.06.26 13_43_49.jpg,0.97890729
J01_2018.06.27 13_50_31.jpg,0.87871051
J01_2018.06.28 14_32_46.jpg,0.76306605
J01_2018.06.23 08_38_46.jpg,0.76472348
J01_2018.06.17 15_12_11.jpg,0.99710077
J01_2018.06.13 14_42_59.jpg,0.99769992
